"id";"lat";"lon";"amenity";"city";"state";"country";"scraped_country_code";"scraped_country_name";"authentication:nfc";"capacity";"capacity:car";"motorcar";"operator";"operator:wikidata";"socket:schuko";"socket:schuko:current";"socket:schuko:voltage";"socket:type2";"socket:type2:current";"socket:type2:voltage";"ref";"addr:housenumber";"addr:street";"addr:postcode";"brand";"charge";"opening_hours";"fee"
"4610868389";"-14.3143625";"-49.1539578";"charging_station";"Uruacu";"Brazil";"Goias";"N/A";"N/A";"";"";"";"";"auto posto 3 corações";"";"";"";"";"";"";"";"";"";"";"";"";"";"";""
"4610868391";"-14.3149875";"-49.150605";"charging_station";"Uruacu";"Brazil";"Goias";"N/A";"N/A";"";"";"";"";"auto posto hotel churrasqueira Belém Brasília";"";"";"";"";"";"";"";"";"";"";"";"";"";"";""
"11377554269";"-14.1661722";"28.9262078";"charging_station";"";"Zambia";"Central";"N/A";"N/A";"";"";"";"";"";"";"";"";"";"";"";"";"";"";"";"";"";"";"";""
"12381817501";"-13.9863404";"33.7711198";"charging_station";"Lilongwe District";"Malawi";"Central Region";"N/A";"N/A";"";"";"";"";"";"";"";"";"";"";"";"";"";"";"";"";"";"";"";""
"11421569698";"-13.49016";"-71.7809833";"charging_station";"Provincia de Calca";"Peru";"Cusco";"N/A";"N/A";"";"";"";"";"";"";"";"";"";"";"";"";"";"";"";"";"";"";"";""
"2501062603";"-13.9724644";"33.7975924";"charging_station";"Lilongwe District";"Malawi";"Central Region";"N/A";"N/A";"";"";"";"";"Bateries";"";"";"";"";"";"";"";"";"";"";"";"";"";"";""
"5580002132";"-13.7538817";"34.3313242";"charging_station";"Salima District";"Malawi";"Central Region";"N/A";"N/A";"";"";"";"";"";"";"";"";"";"";"";"";"";"";"";"";"";"";"";""
"4805650324";"-13.3692468";"-39.0706836";"charging_station";"Valenca";"Brazil";"Bahia";"N/A";"N/A";"";"";"";"";"ipiranga";"";"";"";"";"";"";"";"";"";"";"";"";"";"";""
"4756281122";"-12.9950869";"-38.4762139";"charging_station";"Salvador";"Brazil";"Bahia";"N/A";"N/A";"";"";"";"";"";"";"";"";"";"";"";"";"";"";"";"";"";"";"";""
